participant.id_in_session,participant.code,participant.label,participant.payoff,participant.payoff_plus_participation_fee,session.code,session.label,session.config.group_size,session.config.endowment,session.config.auction_time,session.config.wine_type,session.config.participation_fee,double_auction.1.player.id_in_group,double_auction.1.player.anchor_value,double_auction.1.player.bdm_draw,double_auction.1.player.WTA_anchor,double_auction.1.player.WTA_initial,double_auction.1.player.roles,double_auction.1.player.offer,double_auction.1.player.trade,double_auction.1.player.price,double_auction.1.player.time,double_auction.1.player.receive_good,double_auction.1.player.payoff,double_auction.1.group.id_in_subsession,double_auction.2.player.roles,double_auction.2.player.offer,double_auction.2.player.trade,double_auction.2.player.price,double_auction.2.player.time,double_auction.2.player.receive_good,double_auction.2.player.WTA_final,double_auction.2.player.payoff,double_auction.2.player.age,double_auction.2.player.study,double_auction.2.player.gender
1,91c3jb2j,PC04,10.9,18.9,p678wxow,1826-03,8,7.5,300,Arrogant Frog Cabernet Sauvignon Merlot,8,1,3.7,10.9,1,5,buyer,3.8,1,3.8,186,0,0,1,seller,6,1,6,34,0,4,10.9,26,Economics,Male
2,ptw1nkw8,PC03,13.7,21.7,p678wxow,1826-03,8,7.5,300,Arrogant Frog Cabernet Sauvignon Merlot,8,2,1.3,13.7,0,5,seller,4.6,0,0,206,0,0,1,buyer,6,1,6,34,0,5,13.7,25,Social Sciences (Non-economics),Female
3,rzwyx14t,PC06,7.6,15.6,p678wxow,1826-03,8,7.5,300,Arrogant Frog Cabernet Sauvignon Merlot,8,3,2.4,7.6,0,6,buyer,5,1,5.2,63,0,0,1,seller,6,0,0,67,0,5,7.6,23,Social Sciences (Non-economics),Male
4,zogk4rr5,PC07,0,8,p678wxow,1826-03,8,7.5,300,Arrogant Frog Cabernet Sauvignon Merlot,8,4,3.2,3.2,0,4.5,seller,7.5,1,7.5,30,0,0,1,buyer,4.2,0,0,92,1,4.3,0,23,Natural Sciences,Male
5,5k2l7nbu,PC02,7.6,15.6,p678wxow,1826-03,8,7.5,300,Arrogant Frog Cabernet Sauvignon Merlot,8,5,4.8,7.6,0,7,buyer,9,1,7.5,30,0,0,1,seller,3,1,4,13,0,3,7.6,18,Economics,Male
6,g07llfet,PC01,13.3,21.3,p678wxow,1826-03,8,7.5,300,Arrogant Frog Cabernet Sauvignon Merlot,8,6,8.1,13.3,1,5,seller,5,1,5.2,63,0,0,1,buyer,0,0,0,,0,4,13.3,24,Economics,Female
7,2rin2itp,PC08,7.5,15.5,p678wxow,1826-03,8,7.5,300,Arrogant Frog Cabernet Sauvignon Merlot,8,7,1.4,7.5,0,5.5,buyer,5.2,1,5.2,63,0,0,1,seller,5.5,0,0,144,0,4.2,7.5,21,Humanities,Male
8,lerke4e7,PC05,9.5,17.5,p678wxow,1826-03,8,7.5,300,Arrogant Frog Cabernet Sauvignon Merlot,8,8,8.3,9.5,1,8.3,seller,3.8,1,3.8,186,0,0,1,buyer,4,1,4,13,0,5,9.5,19,Economics,Female
1,z9o2gylc,PC09,0,8,1pyt270z,1826-03,2,7.5,300,Arrogant Frog Cabernet Sauvignon Merlot,8,1,0.5,10.3,0,7.5,buyer,4.75,1,4.75,112,1,0,1,seller,10,0,0,271,0,10,0,18,Economics,Male
2,h7uz146q,PC11,1.9,9.9,1pyt270z,1826-03,2,7.5,300,Arrogant Frog Cabernet Sauvignon Merlot,8,2,1.9,3.3,1,1.5,seller,4.75,1,4.75,112,0,1.9,1,buyer,2.5,0,0,224,0,4,0,21,Economics,Male
3,ymhndu5v,PC12,6.8,14.8,1pyt270z,1826-03,2,7.5,300,Arrogant Frog Cabernet Sauvignon Merlot,8,1,6.8,8.8,1,6,buyer,4.2,0,0,211,0,6.8,2,seller,4.5,1,4.5,298,0,4,0,21,Applied Sciences,Female
4,myhap4e0,PC10,0,8,1pyt270z,1826-03,2,7.5,300,Arrogant Frog Cabernet Sauvignon Merlot,8,2,5,4.6,0,12,seller,7,0,0,284,1,0,2,buyer,4.5,1,4.5,298,0,15,0,19,Economics,Female
1,55qxkje7,PC03,0,8,i0xlnnrj,1826-04,8,7.5,300,Arrogant Frog Cabernet Sauvignon Merlot,8,1,8.3,5.7,1,9,buyer,5,1,5,14,1,0,1,seller,5,0,0,294,0,9.5,0,22,Economics,Male
2,22gqb8av,PC01,10.2,18.2,i0xlnnrj,1826-04,8,7.5,300,Arrogant Frog Cabernet Sauvignon Merlot,8,2,6.3,10.2,1,5,seller,4.5,1,4.6,111,0,10.2,1,buyer,4.3,1,4.3,267,0,5,0,25,Social Sciences (Non-economics),Female
3,fnq7a9n9,PC07,12.3,20.3,i0xlnnrj,1826-04,8,7.5,300,Arrogant Frog Cabernet Sauvignon Merlot,8,3,4.4,12.3,1,1,buyer,4.5,1,4.5,95,0,12.3,1,seller,4.3,1,4.3,267,0,1,0,19,Economics,Male
4,g20dz8qi,PC08,0,8,i0xlnnrj,1826-04,8,7.5,300,Arrogant Frog Cabernet Sauvignon Merlot,8,4,4.6,0.8,1,3.5,seller,4.5,1,4.5,95,1,0,1,buyer,2.12,0,0,240,0,3.5,0,20,Economics,Female
5,h26ac591,PC04,0,8,i0xlnnrj,1826-04,8,7.5,300,Arrogant Frog Cabernet Sauvignon Merlot,8,5,5.9,1.5,1,10,buyer,4.6,1,4.6,111,1,0,1,seller,4.8,0,0,294,0,0,0,20,Economics,Female
6,5vkzmr4o,PC05,4.3,12.3,i0xlnnrj,1826-04,8,7.5,300,Arrogant Frog Cabernet Sauvignon Merlot,8,6,4.2,4.3,1,3.5,seller,3.5,1,5,14,0,4.3,1,buyer,2.1,0,0,82,0,4.5,0,21,Applied Sciences,Male
7,cr050zei,PC06,12.8,20.8,i0xlnnrj,1826-04,8,7.5,300,Arrogant Frog Cabernet Sauvignon Merlot,8,7,8.6,12.8,1,9,buyer,4.1,0,0,170,0,12.8,1,seller,3.5,1,3.5,281,0,9,0,19,Economics,Female
8,tlr54xkw,PC02,12,20,i0xlnnrj,1826-04,8,7.5,300,Arrogant Frog Cabernet Sauvignon Merlot,8,8,7,12,1,6.5,seller,4.5,0,0,184,0,12,1,buyer,3.5,1,3.5,281,0,3.5,0,18,Economics,Female
1,9eoknfu0,PC10,-0.5,7.5,doqlpc9h,1826-04,8,7.5,300,Arrogant Frog Cabernet Sauvignon Merlot,8,1,8,5.2,1,1,buyer,16,1,8,38,1,-0.5,1,seller,1,1,4,8,0,12,0,25,Social Sciences (Non-economics),Female
2,sgulyo2n,PC12,8,16,doqlpc9h,1826-04,8,7.5,300,Arrogant Frog Cabernet Sauvignon Merlot,8,2,1.5,2.7,0,4.5,seller,8,1,8,38,0,8,1,buyer,6.5,1,6.5,48,0,7.5,0,21,Economics,Male
3,o9eupfbl,PC09,7.5,15.5,doqlpc9h,1826-04,8,7.5,300,Arrogant Frog Cabernet Sauvignon Merlot,8,3,8.1,5,1,4,buyer,2.5,0,0,124,0,7.5,1,seller,6.5,1,6.5,48,0,3.5,0,23,Economics,Female
4,wr9w3ebv,PC13,0,8,doqlpc9h,1826-04,8,7.5,300,Arrogant Frog Cabernet Sauvignon Merlot,8,4,9.9,6,1,6.7,seller,6,0,0,167,1,0,1,buyer,4,1,4,8,0,8,0,21,Economics,Male
5,xsvbryqo,PC11,7.5,15.5,doqlpc9h,1826-04,8,7.5,300,Arrogant Frog Cabernet Sauvignon Merlot,8,5,2.4,1.8,0,7,buyer,4,0,0,294,0,7.5,1,seller,5.8,0,0,289,0,5.5,0,20,Economics,Male
6,y334uhm2,PC15,5,13,doqlpc9h,1826-04,8,7.5,300,Arrogant Frog Cabernet Sauvignon Merlot,8,6,3.3,3.4,1,8,seller,5,1,5,92,0,5,1,buyer,5.5,1,5.5,125,0,4,0,20,Economics,Female
7,eyj8looz,PC14,2.5,10.5,doqlpc9h,1826-04,8,7.5,300,Arrogant Frog Cabernet Sauvignon Merlot,8,7,6.3,10.7,1,2,buyer,5,1,5,92,1,2.5,1,seller,5.4,1,5.5,125,0,4.4,0,21,Humanities,Male
8,i3xqx4br,PC16,0,8,doqlpc9h,1826-04,8,7.5,300,Arrogant Frog Cabernet Sauvignon Merlot,8,8,1.6,7.5,0,5,seller,5,0,0,232,1,0,1,buyer,4.5,0,0,289,0,4.5,0,20,Economics,Male
1,eshp6x7x,PC16,2.1,10.1,ds2o8sv4,1826-05,2,7.5,300,Arrogant Frog Chardonnay Viognier,8,1,7.1,13.6,1,6.5,buyer,5.4,1,5.4,297,1,2.1,1,seller,7.1,0,0,285,0,6.5,0,21,Economics,Male
2,rkn3ajrm,PC12,5.4,13.4,ds2o8sv4,1826-05,2,7.5,300,Arrogant Frog Chardonnay Viognier,8,2,4.6,7.7,1,2.8,seller,5.4,1,5.4,297,0,5.4,1,buyer,3.6,0,0,282,0,2.8,0,27,Other,Female
3,5k0z2nx8,PC10,7.5,15.5,ds2o8sv4,1826-05,2,7.5,300,Arrogant Frog Chardonnay Viognier,8,1,6.6,12,1,2,buyer,2,0,0,298,0,7.5,2,seller,4.1,1,4.1,298,0,2,0,22,Other,Female
4,ntkt2424,PC13,0,8,ds2o8sv4,1826-05,2,7.5,300,Arrogant Frog Chardonnay Viognier,8,2,8.2,5.4,1,6,seller,3.5,0,0,137,1,0,2,buyer,4.1,1,4.1,298,0,6,0,21,Economics,Male
5,nrfy4ch7,PC09,7.5,15.5,ds2o8sv4,1826-05,2,7.5,300,Arrogant Frog Chardonnay Viognier,8,1,9.2,6.8,1,7,buyer,1.2,0,0,167,0,7.5,3,seller,2.5,1,2.5,199,0,2.5,0,20,Economics,Male
6,k0iwbtsn,PC11,0,8,ds2o8sv4,1826-05,2,7.5,300,Arrogant Frog Chardonnay Viognier,8,2,3.1,9.8,1,4,seller,3.6,0,0,295,1,0,3,buyer,2.5,1,2.5,199,0,2.8,0,19,Economics,Male
7,fcfsyp2g,PC14,-0.5,7.5,ds2o8sv4,1826-05,2,7.5,300,Arrogant Frog Chardonnay Viognier,8,1,3.4,9.4,0,10,buyer,9,1,8,16,1,-0.5,4,seller,7.5,1,7.5,72,0,4,0,19,Economics,Female
8,dks6odw3,PC15,8,16,ds2o8sv4,1826-05,2,7.5,300,Arrogant Frog Chardonnay Viognier,8,2,3.4,11.1,0,7.5,seller,8,1,8,16,0,8,4,buyer,7.5,1,7.5,72,0,8,0,19,Economics,Male
1,2h9x8yh6,PC07,6.9,14.9,s8u37q4s,1826-05,2,7.5,300,Arrogant Frog Chardonnay Viognier,8,1,7.2,6.9,1,5,buyer,3.5,0,0,191,0,0,1,seller,7,0,0,23,0,5,6.9,26,Economics,Female
2,skeffhb2,PC04,14.3,22.3,s8u37q4s,1826-05,2,7.5,300,Arrogant Frog Chardonnay Viognier,8,2,0.6,14.3,1,0,seller,6.5,0,0,164,0,0,1,buyer,0.1,0,0,12,0,0,14.3,21,Economics,Female
3,s3ur8zaf,PC05,8.1,16.1,s8u37q4s,1826-05,2,7.5,300,Arrogant Frog Chardonnay Viognier,8,1,2.4,8.1,1,2,buyer,2,0,0,115,0,0,2,seller,2.8,1,2.8,298,0,2.4,8.1,21,Economics,Male
4,liqleclo,PC03,11,19,s8u37q4s,1826-05,2,7.5,300,Arrogant Frog Chardonnay Viognier,8,2,3.5,11,1,1.5,seller,2.49,0,0,280,0,0,2,buyer,2.8,1,2.8,298,0,2.5,11,19,Economics,Female
5,tus6jgzw,PC01,9.4,17.4,s8u37q4s,1826-05,2,7.5,300,Arrogant Frog Chardonnay Viognier,8,1,9.9,9.4,1,5,buyer,6,0,0,297,0,0,3,seller,7.5,0,0,299,0,5,9.4,23,Economics,Male
6,pqfavs81,PC06,11.5,19.5,s8u37q4s,1826-05,2,7.5,300,Arrogant Frog Chardonnay Viognier,8,2,5.5,11.5,1,4,seller,8.5,0,0,294,0,0,3,buyer,5,0,0,208,0,4,11.5,20,Social Sciences (Non-economics),Male
7,oxywghum,PC02,9.4,17.4,s8u37q4s,1826-05,2,7.5,300,Arrogant Frog Chardonnay Viognier,8,1,5.4,9.4,1,4,buyer,3.5,0,0,278,0,0,4,seller,4.75,1,4.75,298,0,4.5,9.4,21,Social Sciences (Non-economics),Male
8,0kbv51v7,PC08,6.7,14.7,s8u37q4s,1826-05,2,7.5,300,Arrogant Frog Chardonnay Viognier,8,2,6.4,6.7,1,5.5,seller,5,0,0,268,0,0,4,buyer,4.75,1,4.75,298,0,5.5,6.7,18,Economics,Male
1,7qk2wwgo,PC10,2.2,10.2,s9t4sflc,1826-06,8,7.5,300,Arrogant Frog Chardonnay Viognier,8,1,2.2,8.6,1,0.1,buyer,4,1,4.5,74,0,2.2,1,seller,7.49,1,7.49,78,0,0.1,0,23,Economics,Male
2,k2dur8ob,PC09,9.9,17.9,s9t4sflc,1826-06,8,7.5,300,Arrogant Frog Chardonnay Viognier,8,2,9.9,11.5,1,8.2,seller,6.5,0,0,198,0,9.9,1,buyer,6,1,6,135,0,5,0,19,Applied Sciences,Male
3,3vgl86cp,PC12,7.5,15.5,s9t4sflc,1826-06,8,7.5,300,Arrogant Frog Chardonnay Viognier,8,3,7.5,7.3,1,3,buyer,1,0,0,124,0,7.5,1,seller,8,1,8,19,0,3,0,24,Economics,Female
4,qlyyutfd,PC11,6.8,14.8,s9t4sflc,1826-06,8,7.5,300,Arrogant Frog Chardonnay Viognier,8,4,6.8,11.8,1,6.5,seller,5,1,5,89,0,6.8,1,buyer,8,1,8,19,0,6.5,0,24,Other,Female
5,18mn3sy4,PC15,7.2,15.2,s9t4sflc,1826-06,8,7.5,300,Arrogant Frog Chardonnay Viognier,8,5,7.2,9.1,1,7,buyer,6.5,1,6.5,33,0,7.2,1,seller,4,1,4,297,0,6.5,0,19,Economics,Male
6,p52x4hgn,PC14,0,8,s9t4sflc,1826-06,8,7.5,300,Arrogant Frog Chardonnay Viognier,8,6,0,10.2,0,15,seller,4,1,4.5,74,1,0,1,buyer,9,1,7.49,78,0,5,0,21,Social Sciences (Non-economics),Male
7,hltmf890,PC13,0,8,s9t4sflc,1826-06,8,7.5,300,Arrogant Frog Chardonnay Viognier,8,7,2.2,12.8,0,4,buyer,5,1,5,89,1,0,1,seller,6,1,6,135,0,6,0,19,Economics,Male
8,vgxmnsfd,PC16,3.1,11.1,s9t4sflc,1826-06,8,7.5,300,Arrogant Frog Chardonnay Viognier,8,8,3.1,1.8,1,2,seller,6.5,1,6.5,33,0,3.1,1,buyer,4,1,4,297,0,2,0,26,Social Sciences (Non-economics),Female
1,acghjod9,PC01,0,8,xxkmm4kp,1826-06,2,7.5,300,Arrogant Frog Chardonnay Viognier,8,1,9,8.4,1,9,buyer,8,1,8,50,0,0,1,seller,6.3,1,6.3,294,1,9,0,22,Economics,Female
2,r4gqnecf,PC06,0,8,xxkmm4kp,1826-06,2,7.5,300,Arrogant Frog Chardonnay Viognier,8,2,8.2,2.8,1,4.5,seller,8,1,8,50,0,0,1,buyer,6.3,1,6.3,294,1,4.5,0,22,Economics,Male
3,y9779blp,PC03,14.1,22.1,xxkmm4kp,1826-06,2,7.5,300,Arrogant Frog Chardonnay Viognier,8,1,4.4,14.1,0,4,buyer,5.15,1,5.15,298,0,0,2,seller,8,0,0,285,0,4,14.1,20,Economics,Female
4,px46byvw,PC02,0,8,xxkmm4kp,1826-06,2,7.5,300,Arrogant Frog Chardonnay Viognier,8,2,1.2,0.2,0,6.5,seller,5,1,5.15,298,0,0,2,buyer,4.3,0,0,275,1,4,0,20,Economics,Male
5,olkwxett,PC08,12.2,20.2,xxkmm4kp,1826-06,2,7.5,300,Arrogant Frog Chardonnay Viognier,8,1,9.4,12.2,1,9.1,buyer,7.99,0,0,293,0,0,3,seller,10.29,1,10.29,298,0,11,12.2,20,Economics,Female
6,xn1nznyq,PC07,0,8,xxkmm4kp,1826-06,2,7.5,300,Arrogant Frog Chardonnay Viognier,8,2,3.8,6.4,0,15,seller,9.99,0,0,291,0,0,3,buyer,10.29,1,10.29,298,1,15,0,19,Economics,Female
7,d2c7465e,PC04,0,8,xxkmm4kp,1826-06,2,7.5,300,Arrogant Frog Chardonnay Viognier,8,1,8,1.8,1,6,buyer,4.95,1,4.95,193,0,0,4,seller,5.4,0,0,288,1,5,0,20,Social Sciences (Non-economics),Female
8,kbf9iprh,PC05,0,8,xxkmm4kp,1826-06,2,7.5,300,Arrogant Frog Chardonnay Viognier,8,2,7.7,6,1,7,seller,4.95,1,4.95,193,0,0,4,buyer,4.5,0,0,293,1,6.5,0,19,Economics,Female
1,h3u2cb63,PC01,0.5,8.5,193q7eo3,1826-07,8,6,300,Adriatico Verdicchio,8,1,4.6,6.9,0,15,buyer,5.5,1,5.5,53,1,0.5,1,seller,6,0,0,273,0,4.5,0,21,Natural Sciences,Male
2,dddi8sm1,PC02,0,8,193q7eo3,1826-07,8,6,300,Adriatico Verdicchio,8,2,7.5,5.7,1,0,seller,4,0,0,298,1,0,1,buyer,2.51,0,0,295,0,0,0,22,Economics,Male
3,dojhue5f,PC05,0,8,193q7eo3,1826-07,8,6,300,Adriatico Verdicchio,8,3,8,5.3,1,6,buyer,6,1,6,22,1,0,1,seller,3.5,1,3.5,44,0,7,0,21,Economics,Male
4,jj8wfbp9,PC06,6,14,193q7eo3,1826-07,8,6,300,Adriatico Verdicchio,8,4,1.7,9.7,0,5.5,seller,6,1,6,22,0,6,1,buyer,3.4,1,3.4,230,0,5,0,20,Social Sciences (Non-economics),Female
5,zrvjx118,PC04,2,10,193q7eo3,1826-07,8,6,300,Adriatico Verdicchio,8,5,9.4,11.7,1,3.3,buyer,4,1,4,298,1,2,1,seller,4,0,0,279,0,3.8,0,20,Social Sciences (Non-economics),Male
6,5mfeha78,PC08,4,12,193q7eo3,1826-07,8,6,300,Adriatico Verdicchio,8,6,0.4,5.3,0,5,seller,4,1,4,298,0,4,1,buyer,3.5,1,3.5,44,0,4.5,0,20,Social Sciences (Non-economics),Male
7,gyxx7kkx,PC03,6,14,193q7eo3,1826-07,8,6,300,Adriatico Verdicchio,8,7,0.9,6.3,0,6,buyer,3.5,0,0,279,0,6,1,seller,3.4,1,3.4,230,0,2.5,0,21,Economics,Female
8,86suq2a3,PC07,5.5,13.5,193q7eo3,1826-07,8,6,300,Adriatico Verdicchio,8,8,9.5,5.2,1,5.5,seller,5.5,1,5.5,53,0,5.5,1,buyer,2.5,0,0,19,0,3.5,0,21,Economics,Female
1,mw3870pg,PC16,6,14,56aktyou,1826-07,2,6,300,Adriatico Verdicchio,8,1,5.7,3.4,1,3,buyer,4,0,0,268,0,6,1,seller,4.19,1,4.19,294,0,4,0,21,Humanities,Female
2,sy6l799v,PC13,0,8,56aktyou,1826-07,2,6,300,Adriatico Verdicchio,8,2,7.5,3,1,6.3,seller,5.49,0,0,295,1,0,1,buyer,4.19,1,4.19,294,0,5.7,0,20,Economics,Female
3,kyuptnd2,PC11,6,14,56aktyou,1826-07,2,6,300,Adriatico Verdicchio,8,1,4,1.4,0,7,buyer,4,0,0,221,0,6,2,seller,5.5,1,5.5,298,0,5.5,0,20,Economics,Male
4,egmzmedw,PC12,0,8,56aktyou,1826-07,2,6,300,Adriatico Verdicchio,8,2,9.2,8.3,1,9.5,seller,7,0,0,168,1,0,2,buyer,5.5,1,5.5,298,0,9.2,0,20,Economics,Male
5,jm0bmbo3,PC14,6,14,56aktyou,1826-07,2,6,300,Adriatico Verdicchio,8,1,4.3,11.7,1,0.1,buyer,5.5,0,0,298,0,6,3,seller,5.5,1,5.5,299,0,1.5,0,18,Economics,Female
6,avol8c5l,PC09,0,8,56aktyou,1826-07,2,6,300,Adriatico Verdicchio,8,2,9.2,0.4,1,9.3,seller,5.8,0,0,286,1,0,3,buyer,5.5,1,5.5,299,0,5.5,0,22,Economics,Female
7,wa3iehga,PC15,6,14,56aktyou,1826-07,2,6,300,Adriatico Verdicchio,8,1,2.5,3.1,0,5,buyer,2,0,0,10,0,6,4,seller,1,1,1,116,0,1,0,22,Other,Female
8,qqx2r104,PC10,0,8,56aktyou,1826-07,2,6,300,Adriatico Verdicchio,8,2,5.4,2.8,0,9,seller,4,0,0,195,1,0,4,buyer,1,1,1,116,0,6,0,24,Economics,Female
1,r4r9sknu,PC11,3.5,11.5,l0b40ucv,1826-08,8,7.5,300,Arrogant Frog Cabernet Sauvignon Merlot,8,1,9.9,13.9,1,2.5,buyer,4,1,4,121,1,3.5,1,seller,4.4,0,0,296,0,4,0,20,Economics,Female
2,uliicn2w,PC13,4,12,l0b40ucv,1826-08,8,7.5,300,Arrogant Frog Cabernet Sauvignon Merlot,8,2,6.5,8,1,4,seller,4,1,4,36,0,4,1,buyer,2,1,2.2,15,0,3,0,20,Economics,Male
3,612mt8nb,PC09,3.5,11.5,l0b40ucv,1826-08,8,7.5,300,Arrogant Frog Cabernet Sauvignon Merlot,8,3,6.9,14.8,1,6,buyer,4,1,4,36,1,3.5,1,seller,4.01,1,4.01,267,0,2,0,25,Economics,Male
4,v0u63z93,PC16,4.2,12.2,l0b40ucv,1826-08,8,7.5,300,Arrogant Frog Cabernet Sauvignon Merlot,8,4,1.4,12.9,0,10,seller,4.2,1,4.2,64,0,4.2,1,buyer,4.1,1,4.01,267,0,5,0,22,Economics,Female
5,wq0wkijl,PC14,3.5,11.5,l0b40ucv,1826-08,8,7.5,300,Arrogant Frog Cabernet Sauvignon Merlot,8,5,1.9,9.2,0,9,buyer,4,1,4,125,1,3.5,1,seller,4.5,0,0,278,0,4.5,0,19,Economics,Male
6,rrtu9cjo,PC15,4,12,l0b40ucv,1826-08,8,7.5,300,Arrogant Frog Cabernet Sauvignon Merlot,8,6,4.3,0.7,1,3.5,seller,4,1,4,125,0,4,1,buyer,3.5,0,0,288,0,3.5,0,20,Other,Female
7,cisx4uio,PC12,3.3,11.3,l0b40ucv,1826-08,8,7.5,300,Arrogant Frog Cabernet Sauvignon Merlot,8,7,0.5,13.6,1,0.5,buyer,5,1,4.2,64,1,3.3,1,seller,2,1,2.2,15,0,0.5,0,19,Economics,Female
8,z5kmy4q6,PC10,4,12,l0b40ucv,1826-08,8,7.5,300,Arrogant Frog Cabernet Sauvignon Merlot,8,8,6.2,9,1,6,seller,3.9,1,4,121,0,4,1,buyer,3.51,0,0,295,0,5,0,18,Economics,Male
1,h6nvh8d7,PC08,9.9,17.9,mqxyin4p,1826-08,2,7.5,300,Arrogant Frog Cabernet Sauvignon Merlot,8,1,9.9,8.8,1,10,buyer,8,1,8,116,0,9.9,1,seller,7.47,1,7.47,236,0,12,0,23,Social Sciences (Non-economics),Female
2,flnqt9o7,PC07,0,8,mqxyin4p,1826-08,2,7.5,300,Arrogant Frog Cabernet Sauvignon Merlot,8,2,3.2,6.3,0,6.5,seller,8,1,8,116,1,0,1,buyer,7.47,1,7.47,236,0,8,0,19,Economics,Male
3,8nbfr7rr,PC03,9.8,17.8,mqxyin4p,1826-08,2,7.5,300,Arrogant Frog Cabernet Sauvignon Merlot,8,1,9.8,1.7,1,8,buyer,7.5,1,7.5,297,0,9.8,2,seller,10,0,0,267,0,7.5,0,19,Economics,Male
4,3itmefhe,PC01,0,8,mqxyin4p,1826-08,2,7.5,300,Arrogant Frog Cabernet Sauvignon Merlot,8,2,2.7,14.5,0,6.5,seller,7.5,1,7.5,297,1,0,2,buyer,1,0,0,120,0,7.5,0,18,Economics,Male
5,tdf21svt,PC05,0,8,mqxyin4p,1826-08,2,7.5,300,Arrogant Frog Cabernet Sauvignon Merlot,8,1,2.4,10,0,3.5,buyer,6.5,1,6.5,278,1,0,3,seller,5.5,1,5.5,298,0,4,0,21,Economics,Male
6,uyrnv8nl,PC02,5.5,13.5,mqxyin4p,1826-08,2,7.5,300,Arrogant Frog Cabernet Sauvignon Merlot,8,2,5.5,14.3,1,4,seller,6,1,6.5,278,0,5.5,3,buyer,5.5,1,5.5,298,0,4,0,20,Social Sciences (Non-economics),Female
7,2uu3b6hq,PC06,0,8,mqxyin4p,1826-08,2,7.5,300,Arrogant Frog Cabernet Sauvignon Merlot,8,1,2,3.3,0,6,buyer,4.5,0,0,283,1,0,4,seller,5.03,1,5.03,290,0,5,0,25,Economics,Male
8,bj15xt01,PC04,8.7,16.7,mqxyin4p,1826-08,2,7.5,300,Arrogant Frog Cabernet Sauvignon Merlot,8,2,8.7,11.8,1,7.5,seller,8,0,0,291,0,8.7,4,buyer,5.03,1,5.03,290,0,12,0,19,Social Sciences (Non-economics),Male
1,qnoe8keu,PC01,7,15,tdhikz9h,1826-09,8,6,300,Piccini Chianti,8,1,4.9,7,1,0,buyer,0.7,0,0,134,0,0,1,seller,4.5,1,4.5,29,0,2,7,21,Economics,Male
2,6lbieabb,PC05,0,8,tdhikz9h,1826-09,8,6,300,Piccini Chianti,8,2,2.2,5.6,0,11.5,seller,5,1,5,15,0,0,1,buyer,4.5,1,4,65,1,10.5,0,21,Economics,Female
3,thihna25,PC06,0,8,tdhikz9h,1826-09,8,6,300,Piccini Chianti,8,3,4.2,3.6,0,7.5,buyer,2.5,0,0,21,0,0,1,seller,7.5,1,7.5,283,1,7.5,0,21,Economics,Male
4,djzc1a89,PC07,0,8,tdhikz9h,1826-09,8,6,300,Piccini Chianti,8,4,2.1,7.7,0,12,seller,9,0,0,256,0,0,1,buyer,4.5,1,4.5,29,1,9,0,23,Humanities,Female
5,0scz92x7,PC02,0,8,tdhikz9h,1826-09,8,6,300,Piccini Chianti,8,5,0.8,2.3,0,7,buyer,5,1,5,15,0,0,1,seller,3,1,3,53,1,7,0,21,Economics,Female
6,o6v1p8k7,PC04,5.9,13.9,tdhikz9h,1826-09,8,6,300,Piccini Chianti,8,6,5.2,5.9,1,4,seller,11,0,0,41,0,0,1,buyer,7.5,1,7.5,283,0,4,5.9,20,Economics,Male
7,ihz41neu,PC08,0,8,tdhikz9h,1826-09,8,6,300,Piccini Chianti,8,7,5.2,1,1,2.5,buyer,2.4,0,0,51,0,0,1,seller,4,1,4,65,1,2.5,0,22,Natural Sciences,Male
8,cbieob72,PC03,0,8,tdhikz9h,1826-09,8,6,300,Piccini Chianti,8,8,4.4,5.5,0,6.1,seller,6,0,0,37,0,0,1,buyer,3,1,3,53,1,6,0,21,Social Sciences (Non-economics),Female
1,eodjgme1,PC13,9.6,17.6,0vgg4q8x,1826-09,2,6,300,Piccini Chianti,8,1,9.6,1.1,1,9,buyer,8.5,0,0,277,0,9.6,1,seller,9.5,0,0,292,0,8,0,20,Economics,Female
2,2bzov46p,PC16,0,8,0vgg4q8x,1826-09,2,6,300,Piccini Chianti,8,2,4.6,8.3,0,5.5,seller,9,0,0,285,1,0,1,buyer,6,0,0,246,0,7,0,19,Social Sciences (Non-economics),Male
3,amqljkb6,PC11,0,8,0vgg4q8x,1826-09,2,6,300,Piccini Chianti,8,1,0.9,11.9,0,5,buyer,6.5,1,6.5,252,1,0,2,seller,6.3,1,6.4,298,0,6.5,0,23,Humanities,Male
4,v2ru8p4k,PC09,5.6,13.6,0vgg4q8x,1826-09,2,6,300,Piccini Chianti,8,2,5.6,8.5,1,7,seller,6.5,1,6.5,252,0,5.6,2,buyer,6.4,1,6.4,297,0,7.5,0,18,Economics,Male
5,bg9tr8t8,PC15,3.1,11.1,0vgg4q8x,1826-09,2,6,300,Piccini Chianti,8,1,3.1,5.9,1,4.5,buyer,2.52,0,0,287,0,3.1,3,seller,4.99,1,4.99,288,0,4,0,23,Other,Male
6,itdftp8k,PC12,0,8,0vgg4q8x,1826-09,2,6,300,Piccini Chianti,8,2,4.3,3.8,0,9,seller,6.7,0,0,219,1,0,3,buyer,4.99,1,4.99,288,0,8.8,0,19,Economics,Female
7,8grj84a3,PC14,8.7,16.7,0vgg4q8x,1826-09,2,6,300,Piccini Chianti,8,1,8.7,10.3,1,6,buyer,6.5,1,6.5,289,0,8.7,4,seller,4,1,4,297,0,5,0,22,Economics,Male
8,2qm15rqj,PC10,9.7,17.7,0vgg4q8x,1826-09,2,6,300,Piccini Chianti,8,2,9.7,11.2,1,4,seller,6.5,1,6.5,289,0,9.7,4,buyer,4,1,4,297,0,4,0,21,Social Sciences (Non-economics),Female
1,34t5gvgh,PC05,5.6,13.6,oyoqd09s,1826-10,8,7.5,300,Arrogant Frog Chardonnay Viognier,8,1,5.6,6.7,1,8.5,buyer,4,1,3.5,20,0,5.6,1,seller,3.53,0,0,158,0,7.8,0,23,Economics,Female
2,hjk7syn0,PC06,0,8,oyoqd09s,1826-10,8,7.5,300,Arrogant Frog Chardonnay Viognier,8,2,2.8,1.8,0,9,seller,7,0,0,29,1,0,1,buyer,2.71,0,0,288,0,8,0,25,Social Sciences (Non-economics),Male
3,kwcgo4wf,PC08,0,8,oyoqd09s,1826-10,8,7.5,300,Arrogant Frog Chardonnay Viognier,8,3,2.6,7.5,0,3,buyer,3.6,0,0,288,1,0,1,seller,4,0,0,82,0,3,0,21,Social Sciences (Non-economics),Male
4,0mjij28o,PC01,0,8,oyoqd09s,1826-10,8,7.5,300,Arrogant Frog Chardonnay Viognier,8,4,1.1,5.6,0,3.9,seller,3.5,1,3.5,20,1,0,1,buyer,2.71,0,0,289,0,3.9,0,21,Economics,Female
5,bz098w8y,PC07,7.2,15.2,oyoqd09s,1826-10,8,7.5,300,Arrogant Frog Chardonnay Viognier,8,5,7.2,11.5,1,3,buyer,4,1,3.7,144,0,7.2,1,seller,3.52,0,0,240,0,2.5,0,20,Economics,Female
6,xrx11cgo,PC03,0.8,8.8,oyoqd09s,1826-10,8,7.5,300,Arrogant Frog Chardonnay Viognier,8,6,0.8,12.2,1,4.8,seller,3.7,1,3.7,144,0,0.8,1,buyer,2.8,0,0,297,0,4,0,20,Economics,Female
7,7a2628wr,PC04,3.9,11.9,oyoqd09s,1826-10,8,7.5,300,Arrogant Frog Chardonnay Viognier,8,7,3.9,13.9,1,0,buyer,1.6,0,0,206,0,3.9,1,seller,3.99,0,0,148,0,0,0,28,Other,Female
8,ljnwldme,PC02,3.1,11.1,oyoqd09s,1826-10,8,7.5,300,Arrogant Frog Chardonnay Viognier,8,8,3.1,2.6,1,1.2,seller,5,0,0,296,0,3.1,1,buyer,1,0,0,64,0,1.2,0,25,Humanities,Female
1,jd2c4u2z,PC10,0,8,e6ym3u1n,1826-10,2,7.5,300,Arrogant Frog Chardonnay Viognier,8,1,4.9,7.6,0,6,buyer,6.45,0,0,265,1,0,1,seller,6.5,0,0,283,0,6.5,0,24,Social Sciences (Non-economics),Female
2,ib7u2cad,PC09,0,8,e6ym3u1n,1826-10,2,7.5,300,Arrogant Frog Chardonnay Viognier,8,2,2.7,4.9,0,5,seller,6.69,0,0,278,1,0,1,buyer,6.15,0,0,121,0,6,0,22,Humanities,Female
3,zikganh8,PC13,0,8,e6ym3u1n,1826-10,2,7.5,300,Arrogant Frog Chardonnay Viognier,8,1,0.8,11,0,8.8,buyer,5,1,5,209,1,0,2,seller,6,1,6,290,0,8.8,0,21,Economics,Female
4,xorzu9at,PC11,9.8,17.8,e6ym3u1n,1826-10,2,7.5,300,Arrogant Frog Chardonnay Viognier,8,2,9.8,4.9,1,5.8,seller,5,1,5,209,0,9.8,2,buyer,6,1,6,290,0,6,0,18,Humanities,Female
5,dpfoc666,PC14,0,8,e6ym3u1n,1826-10,2,7.5,300,Arrogant Frog Chardonnay Viognier,8,1,1.1,4.5,0,5,buyer,7.5,1,7.5,182,1,0,3,seller,7.5,0,0,270,0,7,0,20,Social Sciences (Non-economics),Male
6,i6m5bd2l,PC12,1,9,e6ym3u1n,1826-10,2,7.5,300,Arrogant Frog Chardonnay Viognier,8,2,1,12.6,1,2.5,seller,7.5,1,7.5,182,0,1,3,buyer,6.5,0,0,294,0,8.5,0,22,Economics,Female
1,g8cj76i6,PC02,0,8,9k0tdrco,1826-11,2,7.5,300,Arrogant Frog Cabernet Sauvignon Merlot,8,1,2.2,14.5,0,3.1,buyer,6.5,0,0,286,1,0,1,seller,10,0,0,283,0,10,0,24,Economics,Female
2,rpx9lshs,PC07,8.3,16.3,9k0tdrco,1826-11,2,7.5,300,Arrogant Frog Cabernet Sauvignon Merlot,8,2,8.3,13.3,1,7,seller,9.2,0,0,297,0,8.3,1,buyer,7.2,0,0,295,0,8,0,20,Economics,Male
3,edv3j7fb,PC01,7.7,15.7,9k0tdrco,1826-11,2,7.5,300,Arrogant Frog Cabernet Sauvignon Merlot,8,1,7.7,12.2,1,5.9,buyer,5.5,0,0,243,0,7.7,2,seller,7.75,1,7.75,115,0,7.8,0,19,Economics,Male
4,tcj8833y,PC08,0.7,8.7,9k0tdrco,1826-11,2,7.5,300,Arrogant Frog Cabernet Sauvignon Merlot,8,2,0.7,13.6,1,5,seller,7,0,0,137,0,0.7,2,buyer,7.85,1,7.75,115,0,5,0,24,Economics,Female
5,hijn4ks4,PC03,0,8,9k0tdrco,1826-11,2,7.5,300,Arrogant Frog Cabernet Sauvignon Merlot,8,1,2.7,11.5,0,4,buyer,5.2,1,5.2,139,1,0,3,seller,4.1,1,4.1,180,0,4,0,18,Economics,Female
6,97zw0avr,PC06,0,8,9k0tdrco,1826-11,2,7.5,300,Arrogant Frog Cabernet Sauvignon Merlot,8,2,4.3,8.7,0,3,seller,5.2,1,5.2,139,1,0,3,buyer,4.1,1,4.1,180,0,1,0,21,Economics,Female
7,msksypnb,PC04,9.7,17.7,9k0tdrco,1826-11,2,7.5,300,Arrogant Frog Cabernet Sauvignon Merlot,8,1,9.7,4,1,4.9,buyer,9.5,0,0,280,0,9.7,4,seller,10,1,10,298,0,5,0,19,Social Sciences (Non-economics),Female
8,393s4uvl,PC05,0,8,9k0tdrco,1826-11,2,7.5,300,Arrogant Frog Cabernet Sauvignon Merlot,8,2,5.7,3.7,0,10,seller,11.5,0,0,293,1,0,4,buyer,10,1,10,298,0,10,0,22,Social Sciences (Non-economics),Prefer not to answer
1,c34xkcch,PC16,0,8,k783mwkv,1826-11,8,7.5,300,Arrogant Frog Cabernet Sauvignon Merlot,8,1,2.1,1.9,0,4.5,buyer,5.5,0,0,240,0,0,1,seller,7.25,1,7.25,212,1,3.5,0,24,Social Sciences (Non-economics),Male
2,wstb8mrz,PC11,10.3,18.3,k783mwkv,1826-11,8,7.5,300,Arrogant Frog Cabernet Sauvignon Merlot,8,2,8.9,10.3,1,4.5,seller,7.8,1,7.8,47,0,0,1,buyer,6.8,0,0,286,0,4,10.3,20,Social Sciences (Non-economics),Female
3,ldrbtiw3,PC14,14.8,22.8,k783mwkv,1826-11,8,7.5,300,Arrogant Frog Cabernet Sauvignon Merlot,8,3,5.2,14.8,1,16,buyer,7.8,1,7.8,47,0,0,1,seller,8,0,0,293,0,13.8,14.8,20,Economics,Female
4,k2j2p7hd,PC13,4.1,12.1,k783mwkv,1826-11,8,7.5,300,Arrogant Frog Cabernet Sauvignon Merlot,8,4,7.3,4.1,1,1.3,seller,6.85,0,0,289,0,0,1,buyer,6.85,0,0,296,0,1,4.1,18,Economics,Male
5,mota9ygn,PC15,13.3,21.3,k783mwkv,1826-11,8,7.5,300,Arrogant Frog Cabernet Sauvignon Merlot,8,5,8.8,13.3,0,13.8,buyer,10,1,8,19,0,0,1,seller,13.8,0,0,194,0,9,13.3,19,Economics,Female
6,apyr6dg5,PC09,0,8,k783mwkv,1826-11,8,7.5,300,Arrogant Frog Cabernet Sauvignon Merlot,8,6,5.4,3.8,1,10,seller,8,1,8,19,0,0,1,buyer,7.25,1,7.25,212,1,8,0,22,Economics,Female
7,7h3oh8s7,PC10,0,8,k783mwkv,1826-11,8,7.5,300,Arrogant Frog Cabernet Sauvignon Merlot,8,7,5.2,2.9,1,5,buyer,4.5,0,0,123,0,0,1,seller,9,1,9,29,1,7.5,0,21,Economics,Female
8,rh7kldft,PC12,13.7,21.7,k783mwkv,1826-11,8,7.5,300,Arrogant Frog Cabernet Sauvignon Merlot,8,8,3.7,13.7,1,8,seller,6.9,0,0,280,0,0,1,buyer,15,1,9,29,0,9,13.7,18,Economics,Female
1,gv60fu9k,PC10,5.6,13.6,7jv1dwr6,1826-12,8,6,300,Piccini Chianti,8,1,5.6,10.8,1,12,buyer,10,1,10,10,0,5.6,1,seller,8.3,1,8.3,239,0,9,0,18,Economics,Female
2,lja8hxjw,PC13,7,15,7jv1dwr6,1826-12,8,6,300,Piccini Chianti,8,2,7,3.6,1,8,seller,7,1,7,60,0,7,1,buyer,7,1,7,10,0,4,0,20,Social Sciences (Non-economics),Female
3,dbvao9w0,PC12,0,8,7jv1dwr6,1826-12,8,6,300,Piccini Chianti,8,3,6.4,7.4,0,6.5,buyer,7.75,1,7.75,221,1,0,1,seller,8.25,1,8.25,136,0,7.6,0,20,Economics,Female
4,le95s7ba,PC16,0,8,7jv1dwr6,1826-12,8,6,300,Piccini Chianti,8,4,0.1,9.6,0,16,seller,7.75,1,7.75,221,1,0,1,buyer,8.3,1,8.3,298,0,7,0,19,Economics,Male
5,r70k58go,PC14,0,8,7jv1dwr6,1826-12,8,6,300,Piccini Chianti,8,5,8.1,3.1,0,10,buyer,7.8,1,7.8,143,1,0,1,seller,8.29,1,8.3,298,0,8,0,19,Social Sciences (Non-economics),Female
6,ygakig2t,PC11,0,8,7jv1dwr6,1826-12,8,6,300,Piccini Chianti,8,6,3.7,0.2,0,9.5,seller,7.8,1,7.8,143,1,0,1,buyer,8.25,1,8.25,136,0,7.5,0,18,Other,Female
7,80chiz2s,PC09,8.9,16.9,7jv1dwr6,1826-12,8,6,300,Piccini Chianti,8,7,8.9,4.9,1,2.9,buyer,7,1,7,60,0,8.9,1,seller,7,1,7,10,0,2.9,0,19,Economics,Female
8,jwdjv6dy,PC15,0,8,7jv1dwr6,1826-12,8,6,300,Piccini Chianti,8,8,0.1,7.7,0,2.5,seller,10,1,10,10,1,0,1,buyer,8.3,1,8.3,239,0,5,0,18,Economics,Male
1,inz5gvko,PC04,0,8,c694vk1e,1826-12,2,6,300,Piccini Chianti,8,1,5.3,4.3,1,5,buyer,4.5,1,4.5,152,1,0,1,seller,5.5,0,0,254,0,5,0,20,Social Sciences (Non-economics),Female
2,im9tbsyf,PC07,0,8,c694vk1e,1826-12,2,6,300,Piccini Chianti,8,2,4,5.2,0,7,seller,4.5,1,4.5,152,1,0,1,buyer,3.6,0,0,286,0,7,0,22,Economics,Male
3,hoyua3kn,PC06,8.4,16.4,c694vk1e,1826-12,2,6,300,Piccini Chianti,8,1,5.8,8.4,1,4.8,buyer,5.9,1,5.9,73,0,8.4,2,seller,5.5,1,5.5,292,0,5.5,0,20,Economics,Female
4,pf8knpel,PC01,0,8,c694vk1e,1826-12,2,6,300,Piccini Chianti,8,2,4.8,2.2,0,8,seller,5.9,1,5.9,73,1,0,2,buyer,5.5,1,5.5,292,0,10,0,21,Social Sciences (Non-economics),Female
5,k4b804r1,PC03,0,8,c694vk1e,1826-12,2,6,300,Piccini Chianti,8,1,1.9,0.3,1,11.5,buyer,11,1,11,38,1,0,3,seller,6.99,1,6.99,63,0,9,0,18,Economics,Female
6,ln8eu2ls,PC02,0,8,c694vk1e,1826-12,2,6,300,Piccini Chianti,8,2,2,6.8,0,8,seller,7.5,1,11,38,1,0,3,buyer,8,1,6.99,63,0,8,0,21,Economics,Female
7,9octyanm,PC05,11.9,19.9,c694vk1e,1826-12,2,6,300,Piccini Chianti,8,1,3.5,11.9,0,4,buyer,5.5,1,5,38,0,11.9,4,seller,3.2,1,3.2,178,0,2.6,0,20,Economics,Female
8,06adc6ps,PC08,0,8,c694vk1e,1826-12,2,6,300,Piccini Chianti,8,2,4.6,5,0,6,seller,5,1,5,38,1,0,4,buyer,3.2,1,3.2,178,0,5,0,22,Social Sciences (Non-economics),Female
1,h0v4898l,PC10,0,8,nx1jz09a,1826-13,2,7.5,300,Arrogant Frog Chardonnay Viognier,8,1,1.5,11.4,1,7.3,buyer,4.4,0,0,298,0,0,1,seller,5.2,0,0,163,1,5.5,0,19,Other,Female
2,rn3h7ajq,PC09,7.5,15.5,nx1jz09a,1826-13,2,7.5,300,Arrogant Frog Chardonnay Viognier,8,2,4.7,14.7,1,3.9,seller,4.6,0,0,299,0,0,1,buyer,4.1,0,0,259,0,3.9,7.5,19,Economics,Male
1,c4blvufu,PC01,0,8,qypplurm,1826-13,2,7.5,300,Arrogant Frog Chardonnay Viognier,8,1,1.8,4.7,0,2.5,buyer,3.9,0,0,287,1,0,1,seller,5,0,0,156,0,4.5,0,18,Economics,Male
2,lyynz86p,PC08,4.4,12.4,qypplurm,1826-13,2,7.5,300,Arrogant Frog Chardonnay Viognier,8,2,4.4,12,1,4,seller,4.9,0,0,279,0,4.4,1,buyer,3,0,0,214,0,4,0,20,Economics,Female
3,u76r86fu,PC07,0,8,qypplurm,1826-13,2,7.5,300,Arrogant Frog Chardonnay Viognier,8,1,2,7.6,0,5,buyer,7.3,1,7.3,298,1,0,2,seller,5,0,0,252,0,2,0,19,Economics,Male
4,tlzy7e1r,PC03,0,8,qypplurm,1826-13,2,7.5,300,Arrogant Frog Chardonnay Viognier,8,2,5.3,6.3,0,7,seller,7.3,1,7.3,298,1,0,2,buyer,2.2,0,0,254,0,7,0,21,Economics,Male
5,xeffbhju,PC05,0,8,qypplurm,1826-13,2,7.5,300,Arrogant Frog Chardonnay Viognier,8,1,1.5,14.2,0,6.5,buyer,5.5,1,5.5,35,1,0,3,seller,5.6,1,5.6,53,0,5.5,0,20,Economics,Female
6,upv0wkxi,PC02,0,8,qypplurm,1826-13,2,7.5,300,Arrogant Frog Chardonnay Viognier,8,2,4,8.3,0,5.4,seller,5.5,1,5.5,35,1,0,3,buyer,16,1,5.6,53,0,15.4,0,21,Social Sciences (Non-economics),Female
7,qu3a3vww,PC06,0,8,qypplurm,1826-13,2,7.5,300,Arrogant Frog Chardonnay Viognier,8,1,9.4,7.3,0,10.2,buyer,7.9,1,7.5,84,1,0,4,seller,2.9,0,0,143,0,10.2,0,20,Economics,Female
8,y7cdax2r,PC04,5,13,qypplurm,1826-13,2,7.5,300,Arrogant Frog Chardonnay Viognier,8,2,5,9.5,1,3.5,seller,7.5,1,7.5,84,0,5,4,buyer,2.5,0,0,244,0,3.5,0,21,Other,Female
1,hidgrl2p,PC03,3,11,m04ky5kf,1826-14,8,6,300,Adriatico Verdicchio,8,1,9,3.4,1,3,buyer,3,1,3,32,1,3,1,seller,3.6,1,3.6,146,0,3,0,21,Other,Male
2,y5twvtnn,PC01,3.5,11.5,m04ky5kf,1826-14,8,6,300,Adriatico Verdicchio,8,2,2,6.6,1,0.5,seller,3.5,1,3.5,28,0,3.5,1,buyer,0,0,0,,0,2,0,20,Other,Prefer not to answer
3,7m404ot0,PC06,6,14,m04ky5kf,1826-14,8,6,300,Adriatico Verdicchio,8,3,9,5.6,1,9,buyer,3.3,0,0,292,0,6,1,seller,4.7,0,0,245,0,9.9,0,26,Economics,Prefer not to answer
4,6dccitv0,PC08,0,8,m04ky5kf,1826-14,8,6,300,Adriatico Verdicchio,8,4,6.4,2.8,1,6,seller,3.9,0,0,207,1,0,1,buyer,2.9,0,0,174,0,4.5,0,18,Economics,Male
5,zeg8j809,PC07,6,14,m04ky5kf,1826-14,8,6,300,Adriatico Verdicchio,8,5,8.9,11.4,1,4.5,buyer,3.2,0,0,115,0,6,1,seller,3.6,1,3.6,154,0,5,0,23,Economics,Male
6,w70pwnt8,PC02,3,11,m04ky5kf,1826-14,8,6,300,Adriatico Verdicchio,8,6,0.9,2.4,0,4,seller,3,1,3,32,0,3,1,buyer,3.6,1,3.6,146,0,4,0,22,Economics,Female
7,f29aq2eb,PC04,2.5,10.5,m04ky5kf,1826-14,8,6,300,Adriatico Verdicchio,8,7,5.8,5.4,1,3.5,buyer,3.5,1,3.5,28,1,2.5,1,seller,4,0,0,26,0,4,0,18,Social Sciences (Non-economics),Female
8,h7tjocgl,PC05,0,8,m04ky5kf,1826-14,8,6,300,Adriatico Verdicchio,8,8,7.4,3.7,1,5.5,seller,4.2,0,0,84,1,0,1,buyer,3.6,1,3.6,154,0,6,0,24,Economics,Male
1,ksrz7efo,PC09,6.3,14.3,z2ajtw3m,1826-14,2,6,300,Adriatico Verdicchio,8,1,4,6.3,1,5,buyer,4,1,4,34,0,0,1,seller,4.5,0,0,210,0,4,6.3,26,Social Sciences (Non-economics),Male
2,f6wffgwy,PC10,10.6,18.6,z2ajtw3m,1826-14,2,6,300,Adriatico Verdicchio,8,2,8.9,10.6,1,8,seller,4,1,4,34,0,0,1,buyer,2,0,0,12,0,5,10.6,24,Other,Female
1,b2wyv2t5,PC09,7.9,15.9,b1zpyp1n,1826-15,2,6,300,Adriatico Verdicchio,8,1,9.3,7.9,1,7,buyer,5.1,1,5.1,126,0,0,1,seller,7,0,0,290,0,7,7.9,18,Economics,Male
2,7b2lzv8x,PC12,9.9,17.9,b1zpyp1n,1826-15,2,6,300,Adriatico Verdicchio,8,2,3.7,9.9,1,4.8,seller,5,1,5.1,126,0,0,1,buyer,5.25,0,0,292,0,9.7,9.9,20,Humanities,Female
3,z6anttfn,PC16,10,18,b1zpyp1n,1826-15,2,6,300,Adriatico Verdicchio,8,1,7.2,10,1,5.8,buyer,1.5,1,1.5,296,0,0,2,seller,4,0,0,284,0,4,10,20,Economics,Female
4,t1btdz3d,PC14,5.9,13.9,b1zpyp1n,1826-15,2,6,300,Adriatico Verdicchio,8,2,0.2,5.9,0,2.3,seller,1.5,1,1.5,296,0,0,2,buyer,1,0,0,248,0,2.9,5.9,19,Economics,Male
5,su481jh9,PC15,0,8,b1zpyp1n,1826-15,2,6,300,Adriatico Verdicchio,8,1,6.4,2.4,0,4,buyer,3.5,0,0,290,0,0,3,seller,4.2,1,4.2,271,1,4,0,18,Economics,Female
6,uml0xeoz,PC13,6.4,14.4,b1zpyp1n,1826-15,2,6,300,Adriatico Verdicchio,8,2,4.3,6.4,1,3,seller,3.6,0,0,297,0,0,3,buyer,4.2,1,4.2,271,0,4.2,6.4,20,Humanities,Female
7,us3mkpc3,PC11,0,8,b1zpyp1n,1826-15,2,6,300,Adriatico Verdicchio,8,1,6.5,2.6,1,3.5,buyer,4.45,1,4.45,92,0,0,4,seller,4.5,1,4.5,295,1,3.9,0,20,Economics,Female
8,ifp6pkf0,PC10,0,8,b1zpyp1n,1826-15,2,6,300,Adriatico Verdicchio,8,2,9.5,4.3,1,5,seller,4.45,1,4.45,92,0,0,4,buyer,4.5,1,4.5,295,1,5,0,20,Economics,Female
1,5i4j9mhj,PC06,9.3,17.3,fy89ygj0,1826-15,8,6,300,Adriatico Verdicchio,8,1,9.3,7,1,3,buyer,4.6,1,4.6,133,0,9.3,1,seller,4.45,1,4.45,71,0,3.5,0,20,Economics,Female
2,71ak67ph,PC05,6.7,14.7,fy89ygj0,1826-15,8,6,300,Adriatico Verdicchio,8,2,6.7,5,1,0,seller,4.6,0,0,294,0,6.7,1,buyer,4.05,1,4.05,267,0,3,0,21,Economics,Female
3,yet5o6hj,PC08,0,8,fy89ygj0,1826-15,8,6,300,Adriatico Verdicchio,8,3,5.7,9.5,0,7.5,buyer,4.7,1,4.6,88,1,0,1,seller,4.6,1,4.6,46,0,4,0,18,Economics,Male
4,wuqsg22n,PC04,0,8,fy89ygj0,1826-15,8,6,300,Adriatico Verdicchio,8,4,6.9,8.5,0,3.9,seller,4.7,1,4.6,88,1,0,1,buyer,4.6,1,4.6,46,0,5,0,20,Economics,Male
5,nck5ao9y,PC03,4.2,12.2,fy89ygj0,1826-15,8,6,300,Adriatico Verdicchio,8,5,4.2,4.5,1,6.7,buyer,6,1,5,24,0,4.2,1,seller,3.3,1,3.61,76,0,4.6,0,22,Economics,Male
6,ax67uowl,PC07,0,8,fy89ygj0,1826-15,8,6,300,Adriatico Verdicchio,8,6,3.3,6.8,0,8,seller,4.6,1,4.6,133,1,0,1,buyer,3.61,1,3.61,76,0,4.6,0,19,Economics,Male
7,geixkgv0,PC02,3,11,fy89ygj0,1826-15,8,6,300,Adriatico Verdicchio,8,7,3,10.6,1,3.1,buyer,4.45,0,0,285,0,3,1,seller,4.05,1,4.05,267,0,3.2,0,21,Humanities,Male
8,10trnmfc,PC01,6.8,14.8,fy89ygj0,1826-15,8,6,300,Adriatico Verdicchio,8,8,6.8,6.4,1,5.5,seller,5,1,5,24,0,6.8,1,buyer,4.45,1,4.45,71,0,5,0,21,Economics,Male
1,mnmk5v81,PC03,8.6,16.6,j71wyv4i,1826-16,8,6,300,Arrogant Frog Cabernet Sauvignon Merlot,8,1,8.6,1.4,1,4,buyer,6.3,0,0,299,0,8.6,1,seller,7.2,0,0,296,0,7,0,22,Economics,Male
2,mgg3yb6c,PC02,2.2,10.2,j71wyv4i,1826-16,8,6,300,Arrogant Frog Cabernet Sauvignon Merlot,8,2,2.2,4.2,1,5,seller,5,1,7,15,0,2.2,1,buyer,7,1,7,19,0,6,0,21,Other,Female
3,rkvgkz1p,PC04,8.1,16.1,j71wyv4i,1826-16,8,6,300,Arrogant Frog Cabernet Sauvignon Merlot,8,3,8.1,5.4,1,6,buyer,7.5,1,7,65,0,8.1,1,seller,6.8,1,7,129,0,5.4,0,23,Economics,Female
4,55ycpjkj,PC08,0,8,j71wyv4i,1826-16,8,6,300,Arrogant Frog Cabernet Sauvignon Merlot,8,4,0.3,6.4,0,6.5,seller,6.7,0,0,281,1,0,1,buyer,7,1,7,129,0,7.5,0,23,Economics,Female
5,2l539mxt,PC06,7.9,15.9,j71wyv4i,1826-16,8,6,300,Arrogant Frog Cabernet Sauvignon Merlot,8,5,7.9,1.1,1,3,buyer,6.1,0,0,290,0,7.9,1,seller,7,1,7,141,0,5,0,19,Economics,Female
6,uqv0hnji,PC07,0,8,j71wyv4i,1826-16,8,6,300,Arrogant Frog Cabernet Sauvignon Merlot,8,6,5.1,11.1,0,5,seller,7,1,7,65,1,0,1,buyer,6.9,0,0,274,0,6.5,0,22,Economics,Female
7,09mz6n8n,PC05,0,8,j71wyv4i,1826-16,8,6,300,Arrogant Frog Cabernet Sauvignon Merlot,8,7,0.7,8.9,0,7,buyer,7,1,7,15,1,0,1,seller,7,1,7,19,0,6,0,22,Economics,Female
8,l7wbvfqu,PC01,7.8,15.8,j71wyv4i,1826-16,8,6,300,Arrogant Frog Cabernet Sauvignon Merlot,8,8,7.8,11,1,6.5,seller,7,0,0,111,0,7.8,1,buyer,7,1,7,141,0,7,0,20,Economics,Male
1,3rpqgv8w,PC15,11.8,19.8,v38vm4aq,1826-16,2,6,300,Arrogant Frog Cabernet Sauvignon Merlot,8,1,6.3,11.8,0,5,buyer,10,1,10,39,0,11.8,1,seller,10,1,10,297,0,10,0,21,Economics,Male
2,tvi4x8cy,PC09,0,8,v38vm4aq,1826-16,2,6,300,Arrogant Frog Cabernet Sauvignon Merlot,8,2,1.4,4.9,1,10,seller,10,1,10,39,1,0,1,buyer,10,1,10,297,0,10,0,21,Other,Male
3,m3br0rpx,PC14,6.4,14.4,v38vm4aq,1826-16,2,6,300,Arrogant Frog Cabernet Sauvignon Merlot,8,1,6.6,6.4,1,3,buyer,3.2,1,3.2,293,0,6.4,2,seller,3.3,0,0,278,0,3.2,0,22,Economics,Female
4,7rvmdth3,PC11,7.4,15.4,v38vm4aq,1826-16,2,6,300,Arrogant Frog Cabernet Sauvignon Merlot,8,2,2.8,7.4,0,5.5,seller,3.2,1,3.2,293,0,7.4,2,buyer,2.3,0,0,280,0,5,0,21,Economics,Female
5,wyxw2i9r,PC10,9,17,v38vm4aq,1826-16,2,6,300,Arrogant Frog Cabernet Sauvignon Merlot,8,1,7.4,9,1,8,buyer,12,1,12,70,0,9,3,seller,11,1,11,295,0,9,0,28,Economics,Female
6,k7dokxwc,PC16,0,8,v38vm4aq,1826-16,2,6,300,Arrogant Frog Cabernet Sauvignon Merlot,8,2,9.1,1.8,1,4.5,seller,12,1,12,70,1,0,3,buyer,11,1,11,295,0,8,0,21,Humanities,Female
7,6qonn11m,PC12,0,8,v38vm4aq,1826-16,2,6,300,Arrogant Frog Cabernet Sauvignon Merlot,8,1,9.9,2,1,8.1,buyer,0.1,0,0,124,1,0,4,seller,1,1,1,20,0,0,0,28,Economics,Male
8,hhgw38ta,PC13,9.4,17.4,v38vm4aq,1826-16,2,6,300,Arrogant Frog Cabernet Sauvignon Merlot,8,2,5.3,9.4,1,3.5,seller,5,0,0,120,0,9.4,4,buyer,1,1,1,20,0,3,0,23,Economics,Male
1,meirwzis,PC04,-1.8,6.2,ori3sydl,1826-17,8,6,300,Piccini Chianti,8,1,0.8,4.8,0,8.5,buyer,7.8,1,7.8,38,1,-1.8,1,seller,6,1,5.9,95,0,10,0,20,Economics,Male
2,rfjcj5tw,PC03,5.5,13.5,ori3sydl,1826-17,8,6,300,Piccini Chianti,8,2,6,3.8,1,8.5,seller,5.5,1,5.5,15,0,5.5,1,buyer,6.4,1,6.3,146,0,8.5,0,27,Social Sciences (Non-economics),Male
3,xoxetwth,PC08,0,8,ori3sydl,1826-17,8,6,300,Piccini Chianti,8,3,5.9,2.8,0,8.5,buyer,6,1,6,68,1,0,1,seller,6.3,1,6.3,146,0,7.2,0,18,Humanities,Male
4,0i8vp97j,PC05,7,15,ori3sydl,1826-17,8,6,300,Piccini Chianti,8,4,2.4,1.5,0,7.5,seller,7,1,7,39,0,7,1,buyer,6.3,1,6.3,146,0,6.5,0,22,Economics,Female
5,p1uq3uyu,PC06,-1,7,ori3sydl,1826-17,8,6,300,Piccini Chianti,8,5,3.5,4.2,1,2,buyer,7,1,7,39,1,-1,1,seller,6.3,1,6.3,146,0,2,0,18,Economics,Female
6,xpa2gp9n,PC02,6,14,ori3sydl,1826-17,8,6,300,Piccini Chianti,8,6,0.9,5,0,5,seller,6,1,6,68,0,6,1,buyer,5.9,1,5.9,100,0,8,0,22,Economics,Male
7,cjjvh0aj,PC07,0.5,8.5,ori3sydl,1826-17,8,6,300,Piccini Chianti,8,7,6.5,11.5,1,3,buyer,8,1,5.5,15,1,0.5,1,seller,5.9,1,5.9,100,0,1,0,20,Economics,Female
8,1g5x4s95,PC01,7.8,15.8,ori3sydl,1826-17,8,6,300,Piccini Chianti,8,8,1.6,9.2,1,5.8,seller,6.8,1,7.8,38,0,7.8,1,buyer,6,1,5.9,95,0,6.9,0,20,Economics,Female
1,nx5x1qm4,PC15,0,8,tszpie5j,1826-17,2,6,300,Piccini Chianti,8,1,6.1,5.2,0,10,buyer,6.2,1,6.2,295,1,0,1,seller,7.6,0,0,297,0,8,0,19,Economics,Male
2,vlfk11lk,PC10,0,8,tszpie5j,1826-17,2,6,300,Piccini Chianti,8,2,5.6,2.9,1,4,seller,6.2,1,6.2,295,1,0,1,buyer,3.1,0,0,294,0,4,0,20,Economics,Male
3,nwzqqqcq,PC13,9.9,17.9,tszpie5j,1826-17,2,6,300,Piccini Chianti,8,1,1.7,9.9,0,4.9,buyer,4.7,1,4.7,50,0,9.9,2,seller,5,1,5,182,0,5.5,0,18,Social Sciences (Non-economics),Female
4,js1s7sah,PC11,11.2,19.2,tszpie5j,1826-17,2,6,300,Piccini Chianti,8,2,3.8,11.2,0,5,seller,4.5,1,4.7,50,0,11.2,2,buyer,5,1,5,182,0,5.2,0,22,Humanities,Female
5,u83u4hlr,PC09,11.5,19.5,tszpie5j,1826-17,2,6,300,Piccini Chianti,8,1,1.8,11.5,0,6,buyer,4.5,1,4.5,297,0,11.5,3,seller,6.3,1,6.3,245,0,6,0,22,Economics,Male
6,kobiacoz,PC14,0,8,tszpie5j,1826-17,2,6,300,Piccini Chianti,8,2,8.2,3.2,1,5.2,seller,4.5,1,4.5,297,1,0,3,buyer,6.3,1,6.3,245,0,10,0,23,Social Sciences (Non-economics),Female
7,ykdaffas,PC12,0,8,tszpie5j,1826-17,2,6,300,Piccini Chianti,8,1,2.8,3.8,0,7,buyer,5,1,5,109,1,0,4,seller,5.5,0,0,240,0,10,0,24,Social Sciences (Non-economics),Female
8,6bxyjq7n,PC16,0,8,tszpie5j,1826-17,2,6,300,Piccini Chianti,8,2,9.8,5.1,1,5.8,seller,5,1,5,109,1,0,4,buyer,3.5,0,0,263,0,4.5,0,20,Social Sciences (Non-economics),Female
1,a3tmf7ji,PC07,9.7,17.7,zj3vfmql,1826-18,8,6,300,Piccini Chianti,8,1,7.7,9.7,1,5.5,buyer,7.3,1,7.3,248,0,0,1,seller,9,1,9,9,0,7.5,9.7,18,Social Sciences (Non-economics),Female
2,bkcbs4zd,PC06,0,8,zj3vfmql,1826-18,8,6,300,Piccini Chianti,8,2,0.7,8.3,0,10,seller,7.6,0,0,297,0,0,1,buyer,8.6,1,8.6,159,1,9,0,19,Social Sciences (Non-economics),Female
3,ukmxhawl,PC03,0,8,zj3vfmql,1826-18,8,6,300,Piccini Chianti,8,3,1.8,3.4,0,9,buyer,8,1,8,187,0,0,1,seller,8.5,1,8.5,155,1,8,0,20,Social Sciences (Non-economics),Male
4,14sci55x,PC05,6.2,14.2,zj3vfmql,1826-18,8,6,300,Piccini Chianti,8,4,6.3,6.2,1,5,seller,7.3,1,7.3,248,0,0,1,buyer,3,0,0,174,0,6,6.2,21,Economics,Female
5,ze2cl8yh,PC01,0,8,zj3vfmql,1826-18,8,6,300,Piccini Chianti,8,5,8.9,2,1,8,buyer,7.2,0,0,232,0,0,1,seller,8.6,1,8.6,159,1,8.5,0,18,Economics,Male
6,z3du5i3x,PC08,7,15,zj3vfmql,1826-18,8,6,300,Piccini Chianti,8,6,7.7,7,1,1,seller,8,0,0,255,0,0,1,buyer,9,1,9,9,0,1,7,18,Economics,Male
7,w8ar7i8h,PC04,0,8,zj3vfmql,1826-18,8,6,300,Piccini Chianti,8,7,9,9.4,0,12.5,buyer,7.5,0,0,290,0,0,1,seller,8.5,0,0,204,1,12,0,21,Economics,Male
8,r4gxnjxr,PC02,8.9,16.9,zj3vfmql,1826-18,8,6,300,Piccini Chianti,8,8,2.2,8.9,0,10,seller,8,1,8,187,0,0,1,buyer,8.5,1,8.5,155,0,8,8.9,20,Economics,Male
1,p4f9ndp7,PC13,11.9,19.9,yy00b5sj,1826-18,2,6,300,Piccini Chianti,8,1,0,11.9,0,6.5,buyer,3.51,1,3.5,96,0,0,1,seller,4.95,1,4.95,289,0,5,11.9,22,Economics,Male
2,5rnn21gi,PC14,0,8,yy00b5sj,1826-18,2,6,300,Piccini Chianti,8,2,1.9,0.1,0,5.2,seller,3.5,1,3.5,96,0,0,1,buyer,4.95,1,4.95,289,1,5,0,21,Economics,Female
3,6vpn3ctt,PC09,4.7,12.7,yy00b5sj,1826-18,2,6,300,Piccini Chianti,8,1,9.4,4.7,1,5,buyer,5.03,0,0,287,0,0,2,seller,5,1,6,290,0,3,4.7,19,Humanities,Female
4,19xvs03r,PC15,0,8,yy00b5sj,1826-18,2,6,300,Piccini Chianti,8,2,6.4,5.7,0,14.9,seller,8.5,0,0,294,0,0,2,buyer,6,1,6,290,1,6,0,20,Economics,Male
5,p53ftcsw,PC10,0,8,yy00b5sj,1826-18,2,6,300,Piccini Chianti,8,1,5.9,0.3,1,4.5,buyer,4.8,0,0,268,0,0,3,seller,6,1,6,253,1,4.5,0,20,Economics,Female
6,aslc69bl,PC12,0,8,yy00b5sj,1826-18,2,6,300,Piccini Chianti,8,2,3,4.9,1,12.5,seller,8.8,0,0,227,0,0,3,buyer,6,1,6,253,1,7.5,0,20,Economics,Female
1,mfm5rpty,PC14,9.4,17.4,cofyk6gq,1826-19,2,7.5,300,Arrogant Frog Cabernet Sauvignon Merlot,8,1,7.2,9.4,1,0.9,buyer,0.8,1,0.8,50,0,9.4,1,seller,1.42,0,0,296,0,2.4,0,27,Other,Male
2,ktdm6jp6,PC09,0,8,cofyk6gq,1826-19,2,7.5,300,Arrogant Frog Cabernet Sauvignon Merlot,8,2,7.9,1.9,1,7.9,seller,0.8,1,0.8,50,1,0,1,buyer,1.41,0,0,292,0,7.9,0,23,Economics,Male
3,77ubrx0c,PC16,0,8,cofyk6gq,1826-19,2,7.5,300,Arrogant Frog Cabernet Sauvignon Merlot,8,1,4,3.3,1,4,buyer,2.95,0,0,224,1,0,2,seller,7.4,1,7.4,293,0,4.5,0,19,Economics,Male
4,2b3ocd9m,PC10,0,8,cofyk6gq,1826-19,2,7.5,300,Arrogant Frog Cabernet Sauvignon Merlot,8,2,8.4,6.6,1,10.1,seller,7.98,0,0,287,1,0,2,buyer,7.4,1,7.4,293,0,12,0,18,Economics,Male
5,0opq940m,PC15,0,8,cofyk6gq,1826-19,2,7.5,300,Arrogant Frog Cabernet Sauvignon Merlot,8,1,5.9,7.5,1,16,buyer,2.1,1,2.1,98,1,0,3,seller,7,1,7,284,0,16,0,19,Other,Female
6,7xm1wvjd,PC13,10,18,cofyk6gq,1826-19,2,7.5,300,Arrogant Frog Cabernet Sauvignon Merlot,8,2,6.7,10,1,1.8,seller,2.1,1,2.1,98,0,10,3,buyer,7,1,7,284,0,4.5,0,19,Social Sciences (Non-economics),Female
1,gl4i67ie,PC02,0,8,v5lccxac,1826-19,2,7.5,300,Arrogant Frog Cabernet Sauvignon Merlot,8,1,8.6,3.8,1,5.5,buyer,10,0,0,114,1,0,1,seller,8.5,1,8.5,286,0,8,0,20,Economics,Female
2,ogflmnut,PC07,0,8,v5lccxac,1826-19,2,7.5,300,Arrogant Frog Cabernet Sauvignon Merlot,8,2,0.5,0.6,0,14.5,seller,13.25,0,0,244,1,0,1,buyer,8.5,1,8.5,286,0,15,0,19,Economics,Male
3,qmafpw13,PC03,0,8,v5lccxac,1826-19,2,7.5,300,Arrogant Frog Cabernet Sauvignon Merlot,8,1,6,0.2,1,4,buyer,5,0,0,291,1,0,2,seller,5.5,0,0,246,0,5,0,21,Economics,Female
4,72f273tk,PC05,12.9,20.9,v5lccxac,1826-19,2,7.5,300,Arrogant Frog Cabernet Sauvignon Merlot,8,2,3.6,12.9,1,3.5,seller,5.5,0,0,299,0,12.9,2,buyer,5,0,0,294,0,11.3,0,18,Social Sciences (Non-economics),Female
5,lfirg5lw,PC01,0,8,v5lccxac,1826-19,2,7.5,300,Arrogant Frog Cabernet Sauvignon Merlot,8,1,2.9,4.6,0,6,buyer,3.5,0,0,234,1,0,3,seller,4.05,0,0,299,0,4,0,20,Social Sciences (Non-economics),Female
6,z0owmcev,PC04,14.6,22.6,v5lccxac,1826-19,2,7.5,300,Arrogant Frog Cabernet Sauvignon Merlot,8,2,5.5,14.6,1,4.5,seller,3.99,0,0,99,0,14.6,3,buyer,3.5,0,0,297,0,3,0,22,Social Sciences (Non-economics),Female
1,fgyfom18,PC05,3,11,0sy8l8bd,1826-20,8,7.5,300,Arrogant Frog Chardonnay Viognier,8,1,3.9,12.6,1,1,buyer,1,0,0,292,0,0,1,seller,3,1,3,83,0,3,3,22,Economics,Female
2,g7d3776z,PC06,4.5,12.5,0sy8l8bd,1826-20,8,7.5,300,Arrogant Frog Chardonnay Viognier,8,2,5.9,11.9,1,3.5,seller,4.4,1,4.5,224,0,0,1,buyer,3,1,3,83,1,3.5,4.5,31,Other,Female
3,bzzw9ymj,PC01,4,12,0sy8l8bd,1826-20,8,7.5,300,Arrogant Frog Chardonnay Viognier,8,3,2.7,6.8,0,7,buyer,10,1,10,10,0,0,1,seller,1,1,4,54,0,15,4,22,Economics,Female
4,58wetbfz,PC03,5.2,13.2,0sy8l8bd,1826-20,8,7.5,300,Arrogant Frog Chardonnay Viognier,8,4,6.6,4.7,1,5,seller,2.2,1,2.2,250,0,0,1,buyer,2.3,1,2.3,299,1,5,5.2,18,Economics,Female
5,qdoxkvpj,PC02,2.3,10.3,0sy8l8bd,1826-20,8,7.5,300,Arrogant Frog Chardonnay Viognier,8,5,5.6,10,1,3.3,buyer,2.2,1,2.2,250,0,0,1,seller,2.3,1,2.3,299,0,3.3,2.3,22,Social Sciences (Non-economics),Female
6,l505jfy4,PC04,7.5,15.5,0sy8l8bd,1826-20,8,7.5,300,Arrogant Frog Chardonnay Viognier,8,6,3.5,5.2,1,0.5,seller,10,1,10,10,0,0,1,buyer,0.02,0,0,213,0,0.5,7.5,20,Economics,Male
7,8pp09bi4,PC07,0,8,0sy8l8bd,1826-20,8,7.5,300,Arrogant Frog Chardonnay Viognier,8,7,7.6,5.2,1,5,buyer,4.5,1,4.5,224,0,0,1,seller,5.25,0,0,81,1,5,0,19,Economics,Male
8,xcierumg,PC08,3.5,11.5,0sy8l8bd,1826-20,8,7.5,300,Arrogant Frog Chardonnay Viognier,8,8,4.8,4.6,0,9.5,seller,3,0,0,281,0,0,1,buyer,4,1,4,54,1,5.5,3.5,24,Economics,Male
1,xlieb46q,PC13,8.6,16.6,vhdmocuo,1826-20,2,7.5,300,Arrogant Frog Chardonnay Viognier,8,1,8.6,6.6,1,3,buyer,2,0,0,24,0,8.6,1,seller,15,1,15,25,0,4,0,19,Humanities,Female
2,mme2jv8a,PC12,8.3,16.3,vhdmocuo,1826-20,2,7.5,300,Arrogant Frog Chardonnay Viognier,8,2,8.3,0,1,8.8,seller,8.8,0,0,41,0,8.3,1,buyer,15,1,15,25,0,8.8,0,22,Humanities,Male
3,2rqvox9z,PC14,9.6,17.6,vhdmocuo,1826-20,2,7.5,300,Arrogant Frog Chardonnay Viognier,8,1,9.6,4.5,1,9,buyer,5.8,0,0,280,0,9.6,2,seller,8.9,0,0,282,0,8.5,0,24,Economics,Male
4,i6v2eive,PC16,9.1,17.1,vhdmocuo,1826-20,2,7.5,300,Arrogant Frog Chardonnay Viognier,8,2,9.1,9.4,1,7,seller,6.8,0,0,126,0,9.1,2,buyer,2,0,0,220,0,7,0,21,Economics,Male
5,hnry7va2,PC15,5.9,13.9,vhdmocuo,1826-20,2,7.5,300,Arrogant Frog Chardonnay Viognier,8,1,5.9,4.7,1,10,buyer,6,1,6,264,0,5.9,3,seller,8,1,8,19,0,4,0,22,Economics,Female
6,f80nfe1u,PC11,7.4,15.4,vhdmocuo,1826-20,2,7.5,300,Arrogant Frog Chardonnay Viognier,8,2,7.4,5.2,1,5,seller,6,1,6,264,0,7.4,3,buyer,10,1,8,19,0,5,0,20,Social Sciences (Non-economics),Female
1,4hr8fhl0,PC03,0,8,zos1w3k2,1826-21,8,7.5,300,Arrogant Frog Chardonnay Viognier,8,1,0.1,7.5,0,6,buyer,4.5,1,4.5,38,0,0,1,seller,4.5,0,0,255,1,5,0,19,Economics,Female
2,cjbmfde0,PC04,7.5,15.5,zos1w3k2,1826-21,8,7.5,300,Arrogant Frog Chardonnay Viognier,8,2,0.1,8.4,1,8,seller,6.1,1,6.1,291,0,0,1,buyer,3,0,0,240,0,8,7.5,22,Economics,Female
3,voymg27k,PC02,0,8,zos1w3k2,1826-21,8,7.5,300,Arrogant Frog Chardonnay Viognier,8,3,9,6.6,1,5,buyer,4.5,0,0,295,0,0,1,seller,5.9,0,0,67,1,4.5,0,26,Social Sciences (Non-economics),Male
4,37izfdl4,PC05,7.5,15.5,zos1w3k2,1826-21,8,7.5,300,Arrogant Frog Chardonnay Viognier,8,4,5.9,14.9,1,5,seller,3.6,1,3.6,61,0,0,1,buyer,3.9,0,0,274,0,5.5,7.5,21,Economics,Female
5,vrat19nc,PC08,0,8,zos1w3k2,1826-21,8,7.5,300,Arrogant Frog Chardonnay Viognier,8,5,7.9,3.5,1,6.1,buyer,6.1,1,6.1,291,0,0,1,seller,5.1,0,0,209,1,5.9,0,21,Economics,Female
6,l6tfo286,PC01,7.5,15.5,zos1w3k2,1826-21,8,7.5,300,Arrogant Frog Chardonnay Viognier,8,6,6.8,2,1,7,seller,6.3,0,0,253,0,0,1,buyer,3.2,0,0,164,0,10,7.5,21,Economics,Female
7,v7j032u1,PC06,5.9,13.9,zos1w3k2,1826-21,8,7.5,300,Arrogant Frog Chardonnay Viognier,8,7,6.7,2.9,1,3.8,buyer,3.6,1,3.6,61,0,0,1,seller,5.9,1,5.9,9,0,4.9,5.9,36,Social Sciences (Non-economics),Male
8,0i3d7php,PC07,1.6,9.6,zos1w3k2,1826-21,8,7.5,300,Arrogant Frog Chardonnay Viognier,8,8,0.1,6.3,0,10.2,seller,4,1,4.5,38,0,0,1,buyer,12,1,5.9,9,1,10,1.6,21,Economics,Male
1,nti5a5jq,PC12,0,8,dima0w9h,1826-21,2,7.5,300,Arrogant Frog Chardonnay Viognier,8,1,1.4,9.6,0,4.5,buyer,3.5,0,0,292,1,0,1,seller,5.8,0,0,290,0,4,0,19,Economics,Male
2,hfqx43th,PC09,3.7,11.7,dima0w9h,1826-21,2,7.5,300,Arrogant Frog Chardonnay Viognier,8,2,3.7,7.4,1,4,seller,5.5,0,0,294,0,3.7,1,buyer,4,0,0,8,0,5,0,21,Humanities,Male
3,mchse8nm,PC10,0,8,dima0w9h,1826-21,2,7.5,300,Arrogant Frog Chardonnay Viognier,8,1,1.3,10.3,0,2.5,buyer,1,0,0,280,1,0,2,seller,6,0,0,297,0,3,0,20,Economics,Male
4,qtehttqp,PC11,9.5,17.5,dima0w9h,1826-21,2,7.5,300,Arrogant Frog Chardonnay Viognier,8,2,9.5,12.2,1,10,seller,9.5,0,0,163,0,9.5,2,buyer,2.5,0,0,194,0,9.5,0,20,Economics,Female
1,3yhovcx3,PC02,0,8,h0vcdwie,1826-22,8,7.5,300,Arrogant Frog Chardonnay Viognier,8,1,3.8,4.4,0,6,buyer,4.75,1,4.75,299,1,0,1,seller,7,1,7,32,0,6,0,19,Economics,Male
2,krd8d18r,PC04,0,8,h0vcdwie,1826-22,8,7.5,300,Arrogant Frog Chardonnay Viognier,8,2,9.3,2.8,1,5.6,seller,5.4,1,5.4,135,1,0,1,buyer,4.9,1,4.9,108,0,5,0,20,Economics,Male
3,kognpqg4,PC08,0,8,h0vcdwie,1826-22,8,7.5,300,Arrogant Frog Chardonnay Viognier,8,3,5.3,0.3,1,5,buyer,5,1,5,37,1,0,1,seller,5.5,1,5.5,87,0,6,0,34,Economics,Male
4,w05lsch8,PC03,12.6,20.6,h0vcdwie,1826-22,8,7.5,300,Arrogant Frog Chardonnay Viognier,8,4,1.5,12.6,0,6,seller,5,1,5,41,0,12.6,1,buyer,5.5,1,5.5,87,0,5.5,0,19,Economics,Female
5,ghqfdls5,PC07,0,8,h0vcdwie,1826-22,8,7.5,300,Arrogant Frog Chardonnay Viognier,8,5,0.8,0.5,0,5,buyer,5,1,5,41,1,0,1,seller,4.9,1,4.9,108,0,5,0,22,Economics,Female
6,4nf3763e,PC05,0,8,h0vcdwie,1826-22,8,7.5,300,Arrogant Frog Chardonnay Viognier,8,6,0.4,0.3,0,2,seller,5,1,5,37,1,0,1,buyer,7,1,7,32,0,5.4,0,21,Humanities,Female
7,7t0eiu6z,PC06,12.9,20.9,h0vcdwie,1826-22,8,7.5,300,Arrogant Frog Chardonnay Viognier,8,7,6.9,12.9,1,7,buyer,5.4,1,5.4,135,0,12.9,1,seller,5,1,5,108,0,7,0,20,Social Sciences (Non-economics),Female
8,4th2qxfk,PC01,8.1,16.1,h0vcdwie,1826-22,8,7.5,300,Arrogant Frog Chardonnay Viognier,8,8,9.8,8.1,1,6,seller,4.75,1,4.75,299,0,8.1,1,buyer,5,1,5,108,0,6,0,23,Social Sciences (Non-economics),Male
1,snxigs3l,PC11,2.5,10.5,q4h2trz8,1826-22,2,7.5,300,Arrogant Frog Chardonnay Viognier,8,1,8.6,14.1,1,3.5,buyer,6,1,5,32,1,2.5,1,seller,3.96,1,3.97,296,0,4,0,18,Social Sciences (Non-economics),Female
2,sk5790r5,PC12,5,13,q4h2trz8,1826-22,2,7.5,300,Arrogant Frog Chardonnay Viognier,8,2,5.3,12.1,1,4,seller,5,1,5,32,0,5,1,buyer,3.97,1,3.97,296,0,4,0,20,Other,Female
3,vftjjuei,PC10,3.5,11.5,q4h2trz8,1826-22,2,7.5,300,Arrogant Frog Chardonnay Viognier,8,1,5.8,9.4,1,1.9,buyer,4,1,4,290,1,3.5,2,seller,2.72,1,2.72,291,0,2,0,28,Other,Female
4,uctuwgtj,PC09,4,12,q4h2trz8,1826-22,2,7.5,300,Arrogant Frog Chardonnay Viognier,8,2,5.8,11.6,1,4.5,seller,4,1,4,290,0,4,2,buyer,2.72,1,2.72,291,0,3,0,21,Economics,Male
1,f641u2sd,PC02,9.5,17.5,y521d4s4,1826-23,8,6,300,Adriatico Verdicchio,8,1,9.5,9.5,1,6.5,buyer,4.55,1,4.55,140,0,9.5,1,seller,4.49,0,0,297,0,6.5,0,21,Social Sciences (Non-economics),Female
2,7bm40sc7,PC08,0,8,y521d4s4,1826-23,8,6,300,Adriatico Verdicchio,8,2,8.3,2.3,1,8.3,seller,4.8,0,0,285,1,0,1,buyer,3.6,0,0,297,0,6,0,23,Economics,Male
3,3gm3kk64,PC03,6.4,14.4,y521d4s4,1826-23,8,6,300,Adriatico Verdicchio,8,3,5.3,6.4,0,6,buyer,4.7,1,4.7,218,0,6.4,1,seller,5,0,0,178,0,5,0,20,Social Sciences (Non-economics),Male
4,vukxrc7f,PC05,6.5,14.5,y521d4s4,1826-23,8,6,300,Adriatico Verdicchio,8,4,3.3,6.5,1,2.5,seller,4.5,1,4.55,140,0,6.5,1,buyer,2.5,0,0,280,0,2.5,0,20,Economics,Male
5,los2c49n,PC01,0,8,y521d4s4,1826-23,8,6,300,Adriatico Verdicchio,8,5,9.8,0.1,1,5.5,buyer,4.5,0,0,263,1,0,1,seller,4.5,0,0,283,0,3.9,0,21,Economics,Male
6,4ymm77mp,PC06,11,19,y521d4s4,1826-23,8,6,300,Adriatico Verdicchio,8,6,7,11,0,7.5,seller,4.7,1,4.7,218,0,11,1,buyer,3.55,0,0,273,0,3.5,0,21,Social Sciences (Non-economics),Female
7,gsmhuqmk,PC07,0,8,y521d4s4,1826-23,8,6,300,Adriatico Verdicchio,8,7,5.9,5,1,6,buyer,4.6,1,4.6,274,1,0,1,seller,4.54,0,0,261,0,7,0,21,Social Sciences (Non-economics),Female
8,7c5jexjl,PC04,3.7,11.7,y521d4s4,1826-23,8,6,300,Adriatico Verdicchio,8,8,9.7,3.7,1,3.5,seller,4.6,1,4.6,274,0,3.7,1,buyer,1.5,0,0,9,0,3,0,18,Economics,Female
1,dibqba5f,PC12,6.9,14.9,vruj5ery,1826-23,2,6,300,Adriatico Verdicchio,8,1,6.9,0.9,1,4.2,buyer,3.2,0,0,240,0,6.9,1,seller,5,1,5,299,0,6,0,20,Economics,Male
2,4mkm8q2p,PC10,0,8,vruj5ery,1826-23,2,6,300,Adriatico Verdicchio,8,2,5,4.5,0,7.8,seller,7.9,0,0,48,1,0,1,buyer,5,1,5,299,0,7.5,0,24,Economics,Male
3,8wto9gvq,PC11,5.3,13.3,vruj5ery,1826-23,2,6,300,Adriatico Verdicchio,8,1,5.3,1.2,1,2,buyer,1.5,0,0,271,0,5.3,2,seller,3.7,0,0,298,0,2,0,20,Economics,Male
4,bt4nmmw5,PC09,0,8,vruj5ery,1826-23,2,6,300,Adriatico Verdicchio,8,2,2.8,11.6,0,12,seller,15,0,0,281,1,0,2,buyer,1.3,0,0,291,0,6,0,22,Economics,Female
1,ylhcybqb,PC02,0,8,qerv5u8y,1826-24,8,6,300,Adriatico Verdicchio,8,1,7,0.3,1,4.2,buyer,3.5,1,3.5,33,0,0,1,seller,4,0,0,293,1,2,0,19,Economics,Male
2,gcq3172r,PC04,6.6,14.6,qerv5u8y,1826-24,8,6,300,Adriatico Verdicchio,8,2,7,6.6,1,5,seller,3.5,1,3.5,33,0,0,1,buyer,7,1,7,8,0,5,6.6,21,Economics,Female
3,hzyemhwe,PC05,3.8,11.8,qerv5u8y,1826-24,8,6,300,Adriatico Verdicchio,8,3,1.6,3.8,1,15,buyer,4,1,4,67,0,0,1,seller,5,1,5,34,0,2,3.8,22,Economics,Male
4,loh9978v,PC01,6,14,qerv5u8y,1826-24,8,6,300,Adriatico Verdicchio,8,4,1.8,6,0,7,seller,3.9,1,4,67,0,0,1,buyer,3.8,1,3.8,90,0,3,6,20,Economics,Male
5,xwxwigbn,PC08,8.7,16.7,qerv5u8y,1826-24,8,6,300,Adriatico Verdicchio,8,5,5.5,8.7,1,2,buyer,2.5,0,0,161,0,0,1,seller,4,1,7,8,0,2,8.7,24,Humanities,Male
6,i4i16lm2,PC03,8,16,qerv5u8y,1826-24,8,6,300,Adriatico Verdicchio,8,6,9.4,8,1,8.5,seller,6,0,0,129,0,0,1,buyer,5,1,5,34,0,8,8,18,Economics,Female
7,czzuk5q7,PC06,8.4,16.4,qerv5u8y,1826-24,8,6,300,Adriatico Verdicchio,8,7,0.5,8.4,0,2,buyer,2.9,0,0,297,0,0,1,seller,3.8,1,3.8,90,0,2,8.4,19,Economics,Female
8,b2ayzgly,PC07,6.8,14.8,qerv5u8y,1826-24,8,6,300,Adriatico Verdicchio,8,8,8.7,6.8,1,7,seller,3.8,0,0,297,0,0,1,buyer,3.9,0,0,296,0,6,6.8,21,Economics,Male
1,9jz281f7,PC09,6,14,h009t55n,1826-24,2,6,300,Adriatico Verdicchio,8,1,1.2,10,0,10,buyer,5,0,0,294,0,6,1,seller,7,0,0,296,0,6.5,0,25,Economics,Male
2,guddy1a0,PC13,0,8,h009t55n,1826-24,2,6,300,Adriatico Verdicchio,8,2,5.9,2.5,1,8,seller,6.5,0,0,287,1,0,1,buyer,5.9,0,0,282,0,8,0,20,Other,Male
3,378vsgon,PC10,6,14,h009t55n,1826-24,2,6,300,Adriatico Verdicchio,8,1,2.3,8.9,0,4,buyer,4,0,0,21,0,6,2,seller,6,1,6,166,0,4,0,27,Humanities,Male
4,d8c87aae,PC11,0,8,h009t55n,1826-24,2,6,300,Adriatico Verdicchio,8,2,6.7,10.1,1,5.2,seller,6.5,0,0,267,1,0,2,buyer,6,1,6,166,0,6,0,18,Economics,Male
5,bvlnprza,PC14,-5.3,2.7,h009t55n,1826-24,2,6,300,Adriatico Verdicchio,8,1,8.1,4.9,1,8,buyer,11.25,1,11.25,298,1,-5.3,3,seller,12.1,0,0,286,0,12,0,19,Economics,Female
6,7lz2o3cy,PC12,11.3,19.3,h009t55n,1826-24,2,6,300,Adriatico Verdicchio,8,2,1.4,0.2,1,5.4,seller,11.2,1,11.25,298,0,11.3,3,buyer,4.8,0,0,291,0,5.4,0,23,Economics,Male
1,1jhvosxv,PC02,1.1,9.1,29qzz4hk,1826-25,2,7.5,300,Arrogant Frog Cabernet Sauvignon Merlot,8,1,4.6,1.1,1,1,buyer,3,1,3,298,0,0,1,seller,4.5,1,4.5,272,0,1,1.1,31,Economics,Male
2,vfdl7083,PC05,6.5,14.5,29qzz4hk,1826-25,2,7.5,300,Arrogant Frog Cabernet Sauvignon Merlot,8,2,5.6,6.5,0,16,seller,3,1,3,298,0,0,1,buyer,5,1,4.5,272,0,6,6.5,21,Economics,Male
3,kmr2uca6,PC03,12.6,20.6,29qzz4hk,1826-25,2,7.5,300,Arrogant Frog Cabernet Sauvignon Merlot,8,1,6.5,12.6,1,5.4,buyer,4.2,0,0,285,0,0,2,seller,5.69,0,0,291,0,5.9,12.6,21,Economics,Male
4,3l8t4ffg,PC01,5.4,13.4,29qzz4hk,1826-25,2,7.5,300,Arrogant Frog Cabernet Sauvignon Merlot,8,2,0.4,5.4,0,7,seller,5.7,0,0,272,0,0,2,buyer,2.89,0,0,252,0,5,5.4,21,Economics,Male
